-- ============================================
-- Class Copilot 测试数据 SQL
-- 数据库: SQLite
-- 生成日期: 2026-06-12
-- 注意: 执行前请确保已清空原有数据或做好备份
--       所有表使用 AUTOINCREMENT，指定 ID 是为了方便关联
--       如果 ID 冲突，请先删除旧数据或调整起始 ID
-- ============================================

PRAGMA foreign_keys = ON;
BEGIN TRANSACTION;

-- ============================================
-- 1. 系统配置 (system_config)
-- ============================================
INSERT OR REPLACE INTO system_config (id, config_key, config_value, description, created_at, updated_at) VALUES
(1, 'school_name', '阳光实验中学', '学校名称', '2026-06-12 20:00:00', '2026-06-12 20:00:00'),
(2, 'semester', '2025-2026学年第二学期', '当前学期', '2026-06-12 20:00:00', '2026-06-12 20:00:00'),
(3, 'auto_backup', 'true', '是否自动备份', '2026-06-12 20:00:00', '2026-06-12 20:00:00'),
(4, 'backup_interval_hours', '24', '备份间隔(小时)', '2026-06-12 20:00:00', '2026-06-12 20:00:00'),
(5, 'backup_retention_days', '30', '备份保留天数', '2026-06-12 20:00:00', '2026-06-12 20:00:00');

-- ============================================
-- 2. 届次/班级 (cohort)
-- ============================================
INSERT INTO cohort (id, cohort_name, class_name, grade_name, school_name, head_teacher, admission_year, graduation_year, semester, status, is_current, archive_time, remark, created_at, updated_at) VALUES
(1, '2025级', '1班', '七年级', '阳光实验中学', '张老师', 2025, 2028, '2025-2026学年第二学期', '使用中', 1, NULL, '重点班', '2025-09-01 08:00:00', '2026-06-12 20:00:00'),
(2, '2025级', '2班', '七年级', '阳光实验中学', '李老师', 2025, 2028, '2025-2026学年第二学期', '使用中', 0, NULL, '普通班', '2025-09-01 08:00:00', '2026-06-12 20:00:00'),
(3, '2024级', '3班', '八年级', '阳光实验中学', '王老师', 2024, 2027, '2025-2026学年第二学期', '使用中', 0, NULL, '', '2024-09-01 08:00:00', '2026-06-12 20:00:00'),
(4, '2023级', '1班', '九年级', '阳光实验中学', '赵老师', 2023, 2026, '2025-2026学年第二学期', '已归档', 0, '2026-07-01 12:00:00', '毕业班', '2023-09-01 08:00:00', '2026-07-01 12:00:00');

-- ============================================
-- 3. 科目 (subject) — 与默认数据一致，使用 INSERT OR IGNORE
-- ============================================
INSERT OR IGNORE INTO subject (id, name, sort_order, is_active, remark, created_at, updated_at) VALUES
(1, '语文', 1, 1, '', '2025-09-01 08:00:00', '2025-09-01 08:00:00'),
(2, '数学', 2, 1, '', '2025-09-01 08:00:00', '2025-09-01 08:00:00'),
(3, '英语', 3, 1, '', '2025-09-01 08:00:00', '2025-09-01 08:00:00'),
(4, '物理', 4, 1, '八年级开始', '2025-09-01 08:00:00', '2025-09-01 08:00:00'),
(5, '化学', 5, 1, '九年级开始', '2025-09-01 08:00:00', '2025-09-01 08:00:00'),
(6, '生物', 6, 1, '', '2025-09-01 08:00:00', '2025-09-01 08:00:00'),
(7, '历史', 7, 1, '', '2025-09-01 08:00:00', '2025-09-01 08:00:00'),
(8, '地理', 8, 1, '', '2025-09-01 08:00:00', '2025-09-01 08:00:00'),
(9, '政治', 9, 1, '道德与法治', '2025-09-01 08:00:00', '2025-09-01 08:00:00');

-- ============================================
-- 4. 学生 (student) — cohort_id=1 (2025级1班)，15人
-- ============================================
INSERT INTO student (id, cohort_id, name, student_no, gender, phone, parent_name, parent_phone, address, group_name, status, is_focus, remark, created_at, updated_at) VALUES
(1,  1, '张小明', '20250101', '男', '13800001001', '张父', '13800001002', '阳光小区1栋101', '第一组', '正常', 0, '', '2025-09-01 08:00:00', '2026-06-12 20:00:00'),
(2,  1, '李小红', '20250102', '女', '13800002001', '李母', '13800002002', '阳光小区2栋202', '第一组', '正常', 0, '', '2025-09-01 08:00:00', '2026-06-12 20:00:00'),
(3,  1, '王大伟', '20250103', '男', '13800003001', '王父', '13800003002', '阳光小区3栋303', '第一组', '正常', 0, '', '2025-09-01 08:00:00', '2026-06-12 20:00:00'),
(4,  1, '赵小芳', '20250104', '女', '13800004001', '赵母', '13800004002', '阳光小区4栋404', '第二组', '正常', 0, '', '2025-09-01 08:00:00', '2026-06-12 20:00:00'),
(5,  1, '刘建国', '20250105', '男', '13800005001', '刘父', '13800005002', '阳光小区5栋505', '第二组', '正常', 1, '数学成绩波动大', '2025-09-01 08:00:00', '2026-06-12 20:00:00'),
(6,  1, '陈美丽', '20250106', '女', '13800006001', '陈母', '13800006002', '阳光小区6栋606', '第二组', '正常', 0, '', '2025-09-01 08:00:00', '2026-06-12 20:00:00'),
(7,  1, '杨子豪', '20250107', '男', '13800007001', '杨父', '13800007002', '阳光小区7栋707', '第三组', '正常', 0, '', '2025-09-01 08:00:00', '2026-06-12 20:00:00'),
(8,  1, '黄丽丽', '20250108', '女', '13800008001', '黄母', '13800008002', '阳光小区8栋808', '第三组', '正常', 0, '', '2025-09-01 08:00:00', '2026-06-12 20:00:00'),
(9,  1, '周志强', '20250109', '男', '13800009001', '周父', '13800009002', '阳光小区9栋909', '第三组', '正常', 0, '', '2025-09-01 08:00:00', '2026-06-12 20:00:00'),
(10, 1, '吴佳慧', '20250110', '女', '13800010001', '吴母', '13800010002', '阳光小区10栋1010', '第四组', '正常', 0, '班长', '2025-09-01 08:00:00', '2026-06-12 20:00:00'),
(11, 1, '孙浩然', '20250111', '男', '13800011001', '孙父', '13800011002', '锦华苑1栋101', '第四组', '正常', 0, '', '2025-09-01 08:00:00', '2026-06-12 20:00:00'),
(12, 1, '马思雨', '20250112', '女', '13800012001', '马母', '13800012002', '锦华苑2栋202', '第四组', '请假', 0, '病假一周', '2025-09-01 08:00:00', '2026-06-10 08:00:00'),
(13, 1, '朱晓峰', '20250113', '男', '13800013001', '朱父', '13800013002', '锦华苑3栋303', '第五组', '正常', 0, '', '2025-09-01 08:00:00', '2026-06-12 20:00:00'),
(14, 1, '林小燕', '20250114', '女', '13800014001', '林母', '13800014002', '锦华苑4栋404', '第五组', '正常', 0, '', '2025-09-01 08:00:00', '2026-06-12 20:00:00'),
(15, 1, '何天宇', '20250115', '男', '13800015001', '何母', '13800015002', '锦华苑5栋505', '第五组', '正常', 1, '单亲家庭，需多关注', '2025-09-01 08:00:00', '2026-06-12 20:00:00');

-- cohort=2 (2025级2班)，5人
INSERT INTO student (id, cohort_id, name, student_no, gender, phone, parent_name, parent_phone, address, group_name, status, is_focus, remark, created_at, updated_at) VALUES
(16, 2, '许文博', '20250201', '男', '13800016001', '许父', '13800016002', '翠竹园1栋101', '第一组', '正常', 0, '', '2025-09-01 08:00:00', '2026-06-12 20:00:00'),
(17, 2, '高雨萱', '20250202', '女', '13800017001', '高母', '13800017002', '翠竹园2栋202', '第一组', '正常', 0, '', '2025-09-01 08:00:00', '2026-06-12 20:00:00'),
(18, 2, '罗宇航', '20250203', '男', '13800018001', '罗父', '13800018002', '翠竹园3栋303', '第一组', '正常', 0, '', '2025-09-01 08:00:00', '2026-06-12 20:00:00'),
(19, 2, '邓诗涵', '20250204', '女', '13800019001', '邓母', '13800019002', '翠竹园4栋404', '第二组', '正常', 0, '', '2025-09-01 08:00:00', '2026-06-12 20:00:00'),
(20, 2, '谢子轩', '20250205', '男', '13800020001', '谢父', '13800020002', '翠竹园5栋505', '第二组', '正常', 0, '', '2025-09-01 08:00:00', '2026-06-12 20:00:00');

-- ============================================
-- 5. 作业 (homework) — cohort_id=1
-- ============================================
INSERT INTO homework (id, cohort_id, title, subject_id, subject_name, description, attachment_name, attachment_path, publish_date, deadline, remark, created_at, updated_at) VALUES
(1, 1, '《春》课后练习', 1, '语文', '完成课本 P15-16 课后练习题 1-5', NULL, NULL, '2026-06-10', '2026-06-12', '', '2026-06-10 16:00:00', '2026-06-10 16:00:00'),
(2, 1, '一元一次方程练习卷', 2, '数学', '完成练习卷 A 卷全部题目', '练习卷A.pdf', '/attachments/homework/exercise_a.pdf', '2026-06-11', '2026-06-13', '', '2026-06-11 10:00:00', '2026-06-11 10:00:00'),
(3, 1, 'Unit 5 单词默写', 3, '英语', '背诵 Unit 5 所有单词，明日课堂默写', NULL, NULL, '2026-06-12', '2026-06-13', '', '2026-06-12 14:00:00', '2026-06-12 14:00:00'),
(4, 1, '中国地形图绘制', 8, '地理', '绘制中国主要山脉和河流分布图，A4纸', NULL, NULL, '2026-06-09', '2026-06-14', '需上色标注', '2026-06-09 09:00:00', '2026-06-09 09:00:00'),
(5, 1, '生物观察日记', 6, '生物', '观察家中植物并撰写观察日记，不少于300字', NULL, NULL, '2026-06-08', '2026-06-12', '', '2026-06-08 15:00:00', '2026-06-08 15:00:00');

-- ============================================
-- 6. 作业完成记录 (homework_record)
--    注意: UNIQUE(homework_id, student_id)
-- ============================================
-- 作业1（已截止）
INSERT INTO homework_record (id, homework_id, student_id, status, submit_time, remark, created_at, updated_at) VALUES
(1,  1, 1,  '已完成', '2026-06-12 18:30:00', '', '2026-06-12 18:30:00', '2026-06-12 18:30:00'),
(2,  1, 2,  '已完成', '2026-06-12 19:00:00', '', '2026-06-12 19:00:00', '2026-06-12 19:00:00'),
(3,  1, 3,  '已完成', '2026-06-12 17:45:00', '', '2026-06-12 17:45:00', '2026-06-12 17:45:00'),
(4,  1, 4,  '已完成', '2026-06-12 19:30:00', '', '2026-06-12 19:30:00', '2026-06-12 19:30:00'),
(5,  1, 5,  '未完成', NULL, '', '2026-06-12 20:00:00', '2026-06-12 20:00:00'),
(6,  1, 6,  '已完成', '2026-06-12 18:00:00', '', '2026-06-12 18:00:00', '2026-06-12 18:00:00'),
(7,  1, 7,  '迟交',   '2026-06-13 08:15:00', '', '2026-06-13 08:15:00', '2026-06-13 08:15:00'),
(8,  1, 8,  '已完成', '2026-06-12 20:00:00', '', '2026-06-12 20:00:00', '2026-06-12 20:00:00'),
(9,  1, 9,  '质量较差', '2026-06-12 19:50:00', '字迹潦草', '2026-06-12 19:50:00', '2026-06-12 19:50:00'),
(10, 1, 10, '已完成', '2026-06-12 17:00:00', '', '2026-06-12 17:00:00', '2026-06-12 17:00:00');

-- 作业2（未截止）
INSERT INTO homework_record (id, homework_id, student_id, status, submit_time, remark, created_at, updated_at) VALUES
(11, 2, 1,  '已完成', '2026-06-12 20:00:00', '', '2026-06-12 20:00:00', '2026-06-12 20:00:00'),
(12, 2, 2,  '已完成', '2026-06-12 19:30:00', '', '2026-06-12 19:30:00', '2026-06-12 19:30:00'),
(13, 2, 3,  '未登记', NULL, '', '2026-06-11 10:00:00', '2026-06-11 10:00:00'),
(14, 2, 4,  '未登记', NULL, '', '2026-06-11 10:00:00', '2026-06-11 10:00:00'),
(15, 2, 5,  '已完成', '2026-06-12 18:00:00', '', '2026-06-12 18:00:00', '2026-06-12 18:00:00');

-- 作业3（未截止）
INSERT INTO homework_record (id, homework_id, student_id, status, submit_time, remark, created_at, updated_at) VALUES
(16, 3, 1,  '已完成', '2026-06-12 21:00:00', '', '2026-06-12 21:00:00', '2026-06-12 21:00:00'),
(17, 3, 2,  '未登记', NULL, '', '2026-06-12 14:00:00', '2026-06-12 14:00:00'),
(18, 3, 3,  '未登记', NULL, '', '2026-06-12 14:00:00', '2026-06-12 14:00:00');

-- 作业5（已截止）生物观察日记
INSERT INTO homework_record (id, homework_id, student_id, status, submit_time, remark, created_at, updated_at) VALUES
(19, 5, 1,  '已完成', '2026-06-11 20:00:00', '', '2026-06-11 20:00:00', '2026-06-11 20:00:00'),
(20, 5, 2,  '已完成', '2026-06-11 19:00:00', '', '2026-06-11 19:00:00', '2026-06-11 19:00:00'),
(21, 5, 3,  '已完成', '2026-06-12 19:00:00', '', '2026-06-12 19:00:00', '2026-06-12 19:00:00'),
(22, 5, 4,  '未完成', NULL, '', '2026-06-12 20:00:00', '2026-06-12 20:00:00'),
(23, 5, 5,  '已完成', '2026-06-10 18:00:00', '', '2026-06-10 18:00:00', '2026-06-10 18:00:00'),
(24, 5, 6,  '已完成', '2026-06-12 17:00:00', '', '2026-06-12 17:00:00', '2026-06-12 17:00:00'),
(25, 5, 7,  '已完成', '2026-06-11 21:00:00', '', '2026-06-11 21:00:00', '2026-06-11 21:00:00'),
(26, 5, 8,  '已完成', '2026-06-12 16:00:00', '', '2026-06-12 16:00:00', '2026-06-12 16:00:00'),
(27, 5, 10, '已完成', '2026-06-11 19:30:00', '', '2026-06-11 19:30:00', '2026-06-11 19:30:00'),
(28, 5, 11, '已完成', '2026-06-12 18:00:00', '', '2026-06-12 18:00:00', '2026-06-12 18:00:00'),
(29, 5, 13, '已完成', '2026-06-11 20:30:00', '', '2026-06-11 20:30:00', '2026-06-11 20:30:00'),
(30, 5, 14, '已完成', '2026-06-12 15:00:00', '', '2026-06-12 15:00:00', '2026-06-12 15:00:00'),
(31, 5, 15, '补交',   '2026-06-13 07:30:00', '', '2026-06-13 07:30:00', '2026-06-13 07:30:00');

-- ============================================
-- 7. 考勤 (attendance)
--    注意: UNIQUE(student_id, attendance_date)，无 period 列
-- ============================================
INSERT INTO attendance (id, cohort_id, student_id, attendance_date, status, reason, remark, created_at, updated_at) VALUES
-- 6月12日
(1,  1, 1,  '2026-06-12', '正常', NULL, '', '2026-06-12 07:30:00', '2026-06-12 07:30:00'),
(2,  1, 2,  '2026-06-12', '正常', NULL, '', '2026-06-12 07:30:00', '2026-06-12 07:30:00'),
(3,  1, 3,  '2026-06-12', '迟到', '交通拥堵', '迟到5分钟', '2026-06-12 07:35:00', '2026-06-12 07:35:00'),
(4,  1, 4,  '2026-06-12', '正常', NULL, '', '2026-06-12 07:30:00', '2026-06-12 07:30:00'),
(5,  1, 5,  '2026-06-12', '正常', NULL, '', '2026-06-12 07:30:00', '2026-06-12 07:30:00'),
(6,  1, 6,  '2026-06-12', '正常', NULL, '', '2026-06-12 07:30:00', '2026-06-12 07:30:00'),
(7,  1, 7,  '2026-06-12', '正常', NULL, '', '2026-06-12 07:30:00', '2026-06-12 07:30:00'),
(8,  1, 8,  '2026-06-12', '正常', NULL, '', '2026-06-12 07:30:00', '2026-06-12 07:30:00'),
(9,  1, 9,  '2026-06-12', '正常', NULL, '', '2026-06-12 07:30:00', '2026-06-12 07:30:00'),
(10, 1, 10, '2026-06-12', '正常', NULL, '', '2026-06-12 07:30:00', '2026-06-12 07:30:00'),
(11, 1, 11, '2026-06-12', '正常', NULL, '', '2026-06-12 07:30:00', '2026-06-12 07:30:00'),
(12, 1, 12, '2026-06-12', '请假', '身体不适', '病假', '2026-06-12 07:30:00', '2026-06-12 07:30:00'),
(13, 1, 13, '2026-06-12', '正常', NULL, '', '2026-06-12 07:30:00', '2026-06-12 07:30:00'),
(14, 1, 14, '2026-06-12', '正常', NULL, '', '2026-06-12 07:30:00', '2026-06-12 07:30:00'),
(15, 1, 15, '2026-06-12', '正常', NULL, '', '2026-06-12 07:30:00', '2026-06-12 07:30:00'),
-- 6月11日
(16, 1, 1,  '2026-06-11', '正常', NULL, '', '2026-06-11 07:30:00', '2026-06-11 07:30:00'),
(17, 1, 2,  '2026-06-11', '正常', NULL, '', '2026-06-11 07:30:00', '2026-06-11 07:30:00'),
(18, 1, 3,  '2026-06-11', '正常', NULL, '', '2026-06-11 07:30:00', '2026-06-11 07:30:00'),
(19, 1, 4,  '2026-06-11', '正常', NULL, '', '2026-06-11 07:30:00', '2026-06-11 07:30:00'),
(20, 1, 5,  '2026-06-11', '请假', '家庭事务', '', '2026-06-11 07:30:00', '2026-06-11 07:30:00'),
(21, 1, 6,  '2026-06-11', '正常', NULL, '', '2026-06-11 07:30:00', '2026-06-11 07:30:00'),
(22, 1, 7,  '2026-06-11', '迟到', '闹钟没响', '', '2026-06-11 07:35:00', '2026-06-11 07:35:00'),
(23, 1, 8,  '2026-06-11', '正常', NULL, '', '2026-06-11 07:30:00', '2026-06-11 07:30:00'),
(24, 1, 9,  '2026-06-11', '旷课', NULL, '未请假缺席', '2026-06-11 07:30:00', '2026-06-11 07:30:00'),
(25, 1, 10, '2026-06-11', '正常', NULL, '', '2026-06-11 07:30:00', '2026-06-11 07:30:00'),
(26, 1, 11, '2026-06-11', '正常', NULL, '', '2026-06-11 07:30:00', '2026-06-11 07:30:00'),
(27, 1, 12, '2026-06-11', '请假', '身体不适', '', '2026-06-11 07:30:00', '2026-06-11 07:30:00'),
(28, 1, 13, '2026-06-11', '正常', NULL, '', '2026-06-11 07:30:00', '2026-06-11 07:30:00'),
(29, 1, 14, '2026-06-11', '正常', NULL, '', '2026-06-11 07:30:00', '2026-06-11 07:30:00'),
(30, 1, 15, '2026-06-11', '正常', NULL, '', '2026-06-11 07:30:00', '2026-06-11 07:30:00');

-- ============================================
-- 8. 考试 (exam)
-- ============================================
INSERT INTO exam (id, cohort_id, name, exam_type, exam_date, remark, created_at, updated_at) VALUES
(1, 1, '2025-2026学年第二学期期中考试', '期中考试', '2026-04-20', '', '2026-04-15 10:00:00', '2026-04-25 16:00:00'),
(2, 1, '2025-2026学年第二学期期末考试', '期末考试', '2026-06-28', '全区统考', '2026-06-20 10:00:00', '2026-06-20 10:00:00'),
(3, 1, '数学单元测试（方程）', '单元测试', '2026-05-15', '', '2026-05-10 10:00:00', '2026-05-16 14:00:00'),
(4, 1, '英语月考', '月考', '2026-05-25', '', '2026-05-20 10:00:00', '2026-05-26 16:00:00');

-- ============================================
-- 9. 考试科目配置 (exam_subject_config)
--    UNIQUE(exam_id, subject_id)
-- ============================================
-- 期中考试（7科）
INSERT INTO exam_subject_config (id, exam_id, subject_id, full_score, pass_score, excellent_score, sort_order, created_at, updated_at) VALUES
(1, 1, 1, 120, 72, 108, 1, '2026-04-15 10:00:00', '2026-04-15 10:00:00'),
(2, 1, 2, 120, 72, 108, 2, '2026-04-15 10:00:00', '2026-04-15 10:00:00'),
(3, 1, 3, 120, 72, 108, 3, '2026-04-15 10:00:00', '2026-04-15 10:00:00'),
(4, 1, 6, 100, 60, 90,  4, '2026-04-15 10:00:00', '2026-04-15 10:00:00'),
(5, 1, 7, 100, 60, 90,  5, '2026-04-15 10:00:00', '2026-04-15 10:00:00'),
(6, 1, 8, 100, 60, 85,  6, '2026-04-15 10:00:00', '2026-04-15 10:00:00'),
(7, 1, 9, 100, 60, 85,  7, '2026-04-15 10:00:00', '2026-04-15 10:00:00');

-- 数学单元测试
INSERT INTO exam_subject_config (id, exam_id, subject_id, full_score, pass_score, excellent_score, sort_order, created_at, updated_at) VALUES
(8, 3, 2, 100, 60, 90, 1, '2026-05-10 10:00:00', '2026-05-10 10:00:00');

-- 英语月考
INSERT INTO exam_subject_config (id, exam_id, subject_id, full_score, pass_score, excellent_score, sort_order, created_at, updated_at) VALUES
(9, 4, 3, 100, 60, 90, 1, '2026-05-20 10:00:00', '2026-05-20 10:00:00');

-- ============================================
-- 10. 成绩 (score)
--     UNIQUE(exam_id, subject_id, student_id)
--     列顺序: exam_id, subject_id, student_id, score_value, rank_no, remark
-- ============================================
-- 期中考试 - 语文 (subject_id=1)
INSERT INTO score (id, exam_id, subject_id, student_id, score_value, rank_no, remark, created_at, updated_at) VALUES
(1,  1, 1, 1,  108, 3,  '', '2026-04-25 14:00:00', '2026-04-25 14:00:00'),
(2,  1, 1, 2,  112, 2,  '', '2026-04-25 14:00:00', '2026-04-25 14:00:00'),
(3,  1, 1, 3,  95,  5,  '', '2026-04-25 14:00:00', '2026-04-25 14:00:00'),
(4,  1, 1, 4,  115, 1,  '作文满分', '2026-04-25 14:00:00', '2026-04-25 14:00:00'),
(5,  1, 1, 5,  78,  10, '', '2026-04-25 14:00:00', '2026-04-25 14:00:00'),
(6,  1, 1, 6,  102, 4,  '', '2026-04-25 14:00:00', '2026-04-25 14:00:00'),
(7,  1, 1, 7,  88,  7,  '', '2026-04-25 14:00:00', '2026-04-25 14:00:00'),
(8,  1, 1, 8,  91,  6,  '', '2026-04-25 14:00:00', '2026-04-25 14:00:00'),
(9,  1, 1, 9,  72,  12, '', '2026-04-25 14:00:00', '2026-04-25 14:00:00'),
(10, 1, 1, 10, 85,  8,  '', '2026-04-25 14:00:00', '2026-04-25 14:00:00'),
(11, 1, 1, 11, 76,  11, '', '2026-04-25 14:00:00', '2026-04-25 14:00:00'),
(12, 1, 1, 13, 82,  9,  '', '2026-04-25 14:00:00', '2026-04-25 14:00:00'),
(13, 1, 1, 14, 70,  13, '', '2026-04-25 14:00:00', '2026-04-25 14:00:00'),
(14, 1, 1, 15, 65,  14, '', '2026-04-25 14:00:00', '2026-04-25 14:00:00');

-- 期中考试 - 数学 (subject_id=2)
INSERT INTO score (id, exam_id, subject_id, student_id, score_value, rank_no, remark, created_at, updated_at) VALUES
(15, 1, 2, 1,  118, 1,  '', '2026-04-25 14:00:00', '2026-04-25 14:00:00'),
(16, 1, 2, 2,  105, 4,  '', '2026-04-25 14:00:00', '2026-04-25 14:00:00'),
(17, 1, 2, 3,  98,  6,  '', '2026-04-25 14:00:00', '2026-04-25 14:00:00'),
(18, 1, 2, 4,  112, 2,  '', '2026-04-25 14:00:00', '2026-04-25 14:00:00'),
(19, 1, 2, 5,  62,  12, '需加强', '2026-04-25 14:00:00', '2026-04-25 14:00:00'),
(20, 1, 2, 6,  110, 3,  '', '2026-04-25 14:00:00', '2026-04-25 14:00:00'),
(21, 1, 2, 7,  100, 5,  '', '2026-04-25 14:00:00', '2026-04-25 14:00:00'),
(22, 1, 2, 8,  85,  8,  '', '2026-04-25 14:00:00', '2026-04-25 14:00:00'),
(23, 1, 2, 9,  90,  7,  '', '2026-04-25 14:00:00', '2026-04-25 14:00:00'),
(24, 1, 2, 10, 78,  9,  '', '2026-04-25 14:00:00', '2026-04-25 14:00:00'),
(25, 1, 2, 11, 72,  10, '', '2026-04-25 14:00:00', '2026-04-25 14:00:00'),
(26, 1, 2, 13, 68,  11, '', '2026-04-25 14:00:00', '2026-04-25 14:00:00'),
(27, 1, 2, 14, 88,  7,  '', '2026-04-25 14:00:00', '2026-04-25 14:00:00'),
(28, 1, 2, 15, 55,  14, '重点关注', '2026-04-25 14:00:00', '2026-04-25 14:00:00');

-- 期中考试 - 英语 (subject_id=3)
INSERT INTO score (id, exam_id, subject_id, student_id, score_value, rank_no, remark, created_at, updated_at) VALUES
(29, 1, 3, 1,  110, 2,  '', '2026-04-25 14:00:00', '2026-04-25 14:00:00'),
(30, 1, 3, 2,  115, 1,  '', '2026-04-25 14:00:00', '2026-04-25 14:00:00'),
(31, 1, 3, 3,  88,  6,  '', '2026-04-25 14:00:00', '2026-04-25 14:00:00'),
(32, 1, 3, 4,  108, 3,  '', '2026-04-25 14:00:00', '2026-04-25 14:00:00'),
(33, 1, 3, 5,  72,  10, '', '2026-04-25 14:00:00', '2026-04-25 14:00:00'),
(34, 1, 3, 6,  102, 4,  '', '2026-04-25 14:00:00', '2026-04-25 14:00:00'),
(35, 1, 3, 7,  95,  5,  '', '2026-04-25 14:00:00', '2026-04-25 14:00:00'),
(36, 1, 3, 8,  86,  7,  '', '2026-04-25 14:00:00', '2026-04-25 14:00:00'),
(37, 1, 3, 9,  70,  11, '', '2026-04-25 14:00:00', '2026-04-25 14:00:00'),
(38, 1, 3, 10, 92,  5,  '', '2026-04-25 14:00:00', '2026-04-25 14:00:00'),
(39, 1, 3, 11, 78,  8,  '', '2026-04-25 14:00:00', '2026-04-25 14:00:00'),
(40, 1, 3, 13, 75,  9,  '', '2026-04-25 14:00:00', '2026-04-25 14:00:00'),
(41, 1, 3, 14, 68,  12, '', '2026-04-25 14:00:00', '2026-04-25 14:00:00'),
(42, 1, 3, 15, 60,  13, '', '2026-04-25 14:00:00', '2026-04-25 14:00:00');

-- 数学单元测试 (exam_id=3, subject_id=2)
INSERT INTO score (id, exam_id, subject_id, student_id, score_value, rank_no, remark, created_at, updated_at) VALUES
(43, 3, 2, 1,  98, 1,  '', '2026-05-16 14:00:00', '2026-05-16 14:00:00'),
(44, 3, 2, 2,  92, 2,  '', '2026-05-16 14:00:00', '2026-05-16 14:00:00'),
(45, 3, 2, 3,  85, 4,  '', '2026-05-16 14:00:00', '2026-05-16 14:00:00'),
(46, 3, 2, 4,  90, 3,  '', '2026-05-16 14:00:00', '2026-05-16 14:00:00'),
(47, 3, 2, 5,  58, 10, '不及格', '2026-05-16 14:00:00', '2026-05-16 14:00:00'),
(48, 3, 2, 6,  82, 5,  '', '2026-05-16 14:00:00', '2026-05-16 14:00:00'),
(49, 3, 2, 7,  78, 6,  '', '2026-05-16 14:00:00', '2026-05-16 14:00:00'),
(50, 3, 2, 8,  72, 7,  '', '2026-05-16 14:00:00', '2026-05-16 14:00:00'),
(51, 3, 2, 10, 65, 8,  '', '2026-05-16 14:00:00', '2026-05-16 14:00:00'),
(52, 3, 2, 11, 60, 9,  '', '2026-05-16 14:00:00', '2026-05-16 14:00:00');

-- 英语月考 (exam_id=4, subject_id=3)
INSERT INTO score (id, exam_id, subject_id, student_id, score_value, rank_no, remark, created_at, updated_at) VALUES
(53, 4, 3, 1,  92, 2,  '', '2026-05-26 16:00:00', '2026-05-26 16:00:00'),
(54, 4, 3, 2,  95, 1,  '', '2026-05-26 16:00:00', '2026-05-26 16:00:00'),
(55, 4, 3, 3,  78, 5,  '', '2026-05-26 16:00:00', '2026-05-26 16:00:00'),
(56, 4, 3, 4,  90, 3,  '', '2026-05-26 16:00:00', '2026-05-26 16:00:00'),
(57, 4, 3, 5,  62, 9,  '', '2026-05-26 16:00:00', '2026-05-26 16:00:00'),
(58, 4, 3, 6,  88, 4,  '', '2026-05-26 16:00:00', '2026-05-26 16:00:00'),
(59, 4, 3, 7,  75, 6,  '', '2026-05-26 16:00:00', '2026-05-26 16:00:00'),
(60, 4, 3, 8,  70, 7,  '', '2026-05-26 16:00:00', '2026-05-26 16:00:00'),
(61, 4, 3, 10, 68, 8,  '', '2026-05-26 16:00:00', '2026-05-26 16:00:00'),
(62, 4, 3, 11, 55, 10, '不及格', '2026-05-26 16:00:00', '2026-05-26 16:00:00');

-- ============================================
-- 11. 通知 (notice)
-- ============================================
INSERT INTO notice (id, cohort_id, title, content, publish_date, remark, created_at, updated_at) VALUES
(1, 1, '期末考试通知', '2025-2026学年第二学期期末考试将于6月28日-30日举行，本次为全区统考，请同学们认真复习备考。', '2026-06-10', '重要通知', '2026-06-10 08:00:00', '2026-06-10 08:00:00'),
(2, 1, '家长会通知', '定于6月20日（周六）下午2:00在各班教室召开期末家长会，请各位家长准时参加。', '2026-06-12', '重要', '2026-06-12 08:00:00', '2026-06-12 08:00:00'),
(3, 1, '体育课调课通知', '由于天气原因，明天的体育课改在室内体育馆进行，请同学们穿运动鞋。', '2026-06-11', '', '2026-06-11 16:00:00', '2026-06-11 16:00:00'),
(4, 1, '卫生检查提醒', '下周一（6月16日）进行全校卫生大检查，请各组做好教室清洁工作。', '2026-06-12', '', '2026-06-12 12:00:00', '2026-06-12 12:00:00'),
(5, 1, '端午节放假安排', '端午节放假时间为6月19日-21日，共3天。请同学们注意假期安全，按时完成假期作业。', '2026-06-15', '', '2026-06-15 10:00:00', '2026-06-15 10:00:00');

-- ============================================
-- 12. 值日安排 (duty)
--     status 默认 '未完成'
-- ============================================
INSERT INTO duty (id, cohort_id, duty_date, student_id, group_name, duty_content, status, remark, created_at, updated_at) VALUES
(1, 1, '2026-06-15', 1,  '第一组', '扫地、倒垃圾', '未完成', '', '2026-06-12 20:00:00', '2026-06-12 20:00:00'),
(2, 1, '2026-06-15', 2,  '第一组', '擦黑板、整理讲台', '未完成', '', '2026-06-12 20:00:00', '2026-06-12 20:00:00'),
(3, 1, '2026-06-15', 10, '第四组', '值日组长：检查卫生', '未完成', '', '2026-06-12 20:00:00', '2026-06-12 20:00:00'),
(4, 1, '2026-06-16', 4,  '第二组', '扫地、拖地', '未完成', '', '2026-06-12 20:00:00', '2026-06-12 20:00:00'),
(5, 1, '2026-06-16', 5,  '第二组', '擦窗户', '未完成', '', '2026-06-12 20:00:00', '2026-06-12 20:00:00'),
(6, 1, '2026-06-16', 6,  '第二组', '整理图书角', '未完成', '', '2026-06-12 20:00:00', '2026-06-12 20:00:00'),
(7, 1, '2026-06-17', 7,  '第三组', '扫地、倒垃圾', '未完成', '', '2026-06-12 20:00:00', '2026-06-12 20:00:00'),
(8, 1, '2026-06-17', 8,  '第三组', '擦黑板、整理讲台', '未完成', '', '2026-06-12 20:00:00', '2026-06-12 20:00:00'),
(9, 1, '2026-06-17', 9,  '第三组', '拖地', '未完成', '', '2026-06-12 20:00:00', '2026-06-12 20:00:00');

-- ============================================
-- 13. 行为奖惩记录 (behavior_record)
--     列: type, title, score, description, record_date
-- ============================================
INSERT INTO behavior_record (id, cohort_id, student_id, type, title, score, description, record_date, created_at, updated_at) VALUES
(1, 1, 1,  '奖励', '期中考试数学满分', 5, '在期中考试中数学获得满分118分，表现突出', '2026-06-10', '2026-06-10 10:00:00', '2026-06-10 10:00:00'),
(2, 1, 4,  '奖励', '期中考试语文第一名', 5, '语文作文获得满分，总成绩班级第一', '2026-06-10', '2026-06-10 10:00:00', '2026-06-10 10:00:00'),
(3, 1, 2,  '奖励', '期中考试英语第一名', 3, '英语成绩115分，班级第一', '2026-06-10', '2026-06-10 10:00:00', '2026-06-10 10:00:00'),
(4, 1, 10, '奖励', '助人为乐', 2, '主动帮助同学打扫卫生，连续一周', '2026-06-08', '2026-06-08 14:00:00', '2026-06-08 14:00:00'),
(5, 1, 9,  '处罚', '旷课一次', -3, '6月11日上午无故旷课，给予警告处分', '2026-06-11', '2026-06-11 10:00:00', '2026-06-11 10:00:00'),
(6, 1, 12, '奖励', '运动会接力赛第一名', 3, '校运动会4×100米接力赛获得冠军', '2026-06-09', '2026-06-09 16:00:00', '2026-06-09 16:00:00'),
(7, 1, 5,  '处罚', '作业未完成', -2, '语文和数学作业连续两次未按时完成', '2026-06-12', '2026-06-12 08:00:00', '2026-06-12 08:00:00'),
(8, 1, 3,  '奖励', '主动擦黑板', 1, '本周主动承担擦黑板任务，服务班级', '2026-06-05', '2026-06-05 17:00:00', '2026-06-05 17:00:00');

-- ============================================
-- 14. 班费收支 (class_fee)
--     列: fee_date, fee_type, category, title, amount, student_id,
--         payment_status, voucher_path, remark
-- ============================================
INSERT INTO class_fee (id, cohort_id, fee_date, fee_type, category, title, amount, student_id, payment_status, voucher_path, remark, created_at, updated_at) VALUES
(1, 1, '2026-03-01', '收入', '班费收取', '学期初班费收集', 750.00, NULL, '已收齐', NULL, '每人50元 x 15人', '2026-03-01 10:00:00', '2026-03-01 10:00:00'),
(2, 1, '2026-03-15', '支出', '教学用品', '购买粉笔和白板笔', -45.00, NULL, NULL, NULL, '粉笔2盒、白板笔5支', '2026-03-15 14:00:00', '2026-03-15 14:00:00'),
(3, 1, '2026-04-01', '支出', '班级活动', '春游零食采购', -120.00, NULL, NULL, NULL, '', '2026-04-01 16:00:00', '2026-04-01 16:00:00'),
(4, 1, '2026-04-10', '支出', '卫生用品', '购买清洁工具', -35.50, NULL, NULL, NULL, '扫把、拖把、垃圾袋', '2026-04-10 12:00:00', '2026-04-10 12:00:00'),
(5, 1, '2026-05-05', '收入', '班费补充', '学期中班费补充', 300.00, NULL, '已收齐', NULL, '每人20元 x 15人', '2026-05-05 10:00:00', '2026-05-05 10:00:00'),
(6, 1, '2026-05-20', '支出', '班级活动', '六一儿童节布置材料', -200.00, NULL, NULL, NULL, '气球、彩带、装饰品', '2026-05-20 15:00:00', '2026-05-20 15:00:00'),
(7, 1, '2026-06-05', '支出', '教学用品', '打印复习资料', -28.00, NULL, NULL, NULL, '语数英期末复习卷', '2026-06-05 11:00:00', '2026-06-05 11:00:00');

-- ============================================
-- 数据导入完成
-- ============================================
-- 汇总统计:
--   system_config:      5 条
--   cohort:             4 条 (2025级1班, 2班, 2024级3班, 2023级1班)
--   subject:            9 条 (语数英物化生历地政)
--   student:           20 条 (1班15人, 2班5人)
--   homework:           5 条
--   homework_record:   31 条
--   attendance:        30 条 (6/11、6/12 两日)
--   exam:               4 条 (期中/期末/数学单元/英语月考)
--   exam_subject_config:9 条
--   score:             62 条
--   notice:             5 条
--   duty:               9 条
--   behavior_record:    8 条
--   class_fee:          7 条
-- 总计:              约 200 条记录
-- ============================================

COMMIT;
